voter_id,voter_name,password
23b0301,name1,301
23b0302,name2,302
23b0303,name3,303
23b0304,name4,304
23b0305,name5,305
23b0306,name6,306
23b0307,name7,307
23b0308,name8,308
23b0309,name9,309
23b0310,name10,310
23b0311,name11,311
23b0312,name12,312
23b0313,name13,313
23b0314,name14,314
23b0315,name15,315
23b0316,name16,316
23b0317,name17,317
23b0318,name18,318
23b0319,name19,319
23b0320,name20,320
23b0321,name21,321
23b0322,name22,322
23b0323,name23,323
23b0324,name24,324
23b0325,name25,325
23b0326,name26,326
23b0327,name27,327
23b0328,name28,328
23b0329,name29,329